"scientific_name";"english";"french";"trait";"sex";"value";"unit";"ref_id";"ref_type";"ref_ref"
"Ailuropoda melanoleuca";"Giant panda";"Panda geant";"HeadBodyLen";"?";"135";"cm";"4";"scientific publication";"Kate E. Jones, Jon Bielby, Marcel Cardillo, Susanne A. Fritz, Justin O'Dell, C.  David L. Orme, Kamran Safi, Wes Sechrest, Elizabeth H. Boakes, Chris  Carbone, Christina Connolly, Michael J. Cutts, Janine K. Foster, Richard Grenyer, Michael Habib, Christopher A. Plaster, Samantha A. Price,  Elizabeth A. Rigby, Janna Rist, Amber Teacher, Olaf R. P.  Bininda-Emonds, John L. Gittleman, Georgina M. Mace, and Andy Purvis.  2009. PanTHERIA: a species-level database of life history, ecology, and  geography of extant and recently extinct mammals. Ecology 90:2648."
"Ailuropoda melanoleuca";"Giant panda";"Panda geant";"HeadBodyLen";"?";"140";"cm";"5";"scientific publication";"Huber D., van Manen F.T. (2019) Bear Morphology. In: Vonk J., Shackelford T. (eds) Encyclopedia of Animal Cognition and Behavior. Springer, Cham"
"Ailuropoda melanoleuca";"Giant panda";"Panda geant";"HeadBodyLen";"?";"160";"cm";"20";"scientific publication";"Shabel, A. (2010). Mammals of the Northern Hemisphere. Cavendish Square."
"Ailuropoda melanoleuca";"Giant panda";"Panda geant";"ShoulderHeight";"?";"75";"cm";"5";"scientific publication";"Huber D., van Manen F.T. (2019) Bear Morphology. In: Vonk J., Shackelford T. (eds) Encyclopedia of Animal Cognition and Behavior. Springer, Cham"
"Ailuropoda melanoleuca";"Giant panda";"Panda geant";"ShoulderHeight";"?";"90";"cm";"20";"scientific publication";"Shabel, A. (2010). Mammals of the Northern Hemisphere. Cavendish Square."
"Ailuropoda melanoleuca";"Giant panda";"Panda geant";"Weight";"?";"118";"kg";"4";"scientific publication";"Kate E. Jones, Jon Bielby, Marcel Cardillo, Susanne A. Fritz, Justin O'Dell, C.  David L. Orme, Kamran Safi, Wes Sechrest, Elizabeth H. Boakes, Chris  Carbone, Christina Connolly, Michael J. Cutts, Janine K. Foster, Richard Grenyer, Michael Habib, Christopher A. Plaster, Samantha A. Price,  Elizabeth A. Rigby, Janna Rist, Amber Teacher, Olaf R. P.  Bininda-Emonds, John L. Gittleman, Georgina M. Mace, and Andy Purvis.  2009. PanTHERIA: a species-level database of life history, ecology, and  geography of extant and recently extinct mammals. Ecology 90:2648."
"Ailuropoda melanoleuca";"Giant panda";"Panda geant";"Weight";"F";"85";"kg";"5";"scientific publication";"Huber D., van Manen F.T. (2019) Bear Morphology. In: Vonk J., Shackelford T. (eds) Encyclopedia of Animal Cognition and Behavior. Springer, Cham"
"Ailuropoda melanoleuca";"Giant panda";"Panda geant";"Weight";"M";"105";"kg";"5";"scientific publication";"Huber D., van Manen F.T. (2019) Bear Morphology. In: Vonk J., Shackelford T. (eds) Encyclopedia of Animal Cognition and Behavior. Springer, Cham"
"Ailuropoda melanoleuca";"Giant panda";"Panda geant";"Weight";"?";"100";"kg";"20";"scientific publication";"Shabel, A. (2010). Mammals of the Northern Hemisphere. Cavendish Square."
"Ailuropoda melanoleuca";"Giant panda";"Panda geant";"FurThick";"?";"6";"NA";"0";"personal observation";NA
"Ailuropoda melanoleuca";"Giant panda";"Panda geant";"ChestLen";"M";"61.1";"cm";"6";"photo";"Ailuropoda_melanoleuca_front_1"
"Ailuropoda melanoleuca";"Giant panda";"Panda geant";"ChestLen";"M";"66.9";"cm";"7";"photo";"Ailuropoda_melanoleuca_front_2"
"Ailuropoda melanoleuca";"Giant panda";"Panda geant";"HeadHei";"M";"51.6";"cm";"6";"photo";"Ailuropoda_melanoleuca_front_1"
"Ailuropoda melanoleuca";"Giant panda";"Panda geant";"HeadHei";"M";"50.4";"cm";"7";"photo";"Ailuropoda_melanoleuca_front_2"
"Ailuropoda melanoleuca";"Giant panda";"Panda geant";"HeadLat";"M";"54.8";"cm";"6";"photo";"Ailuropoda_melanoleuca_front_1"
"Ailuropoda melanoleuca";"Giant panda";"Panda geant";"HeadLat";"M";"52";"cm";"7";"photo";"Ailuropoda_melanoleuca_front_2"
"Ailuropoda melanoleuca";"Giant panda";"Panda geant";"EarLen";"M";"14";"cm";"6";"photo";"Ailuropoda_melanoleuca_front_1"
"Ailuropoda melanoleuca";"Giant panda";"Panda geant";"EarLen";"M";"15.7";"cm";"7";"photo";"Ailuropoda_melanoleuca_front_2"
"Ailuropoda melanoleuca";"Giant panda";"Panda geant";"EyeDia";"M";"2.7";"cm";"6";"photo";"Ailuropoda_melanoleuca_front_1"
"Ailuropoda melanoleuca";"Giant panda";"Panda geant";"EyeDia";"M";"3.1";"cm";"7";"photo";"Ailuropoda_melanoleuca_front_2"
"Ailuropoda melanoleuca";"Giant panda";"Panda geant";"TruffleWid";"M";"12.4";"cm";"6";"photo";"Ailuropoda_melanoleuca_front_1"
"Ailuropoda melanoleuca";"Giant panda";"Panda geant";"TruffleWid";"M";"8.6";"cm";"7";"photo";"Ailuropoda_melanoleuca_front_2"
"Ailuropoda melanoleuca";"Giant panda";"Panda geant";"TruffleHei";"M";"5.7";"cm";"6";"photo";"Ailuropoda_melanoleuca_front_1"
"Ailuropoda melanoleuca";"Giant panda";"Panda geant";"TruffleHei";"M";"4.8";"cm";"7";"photo";"Ailuropoda_melanoleuca_front_2"
"Ailuropoda melanoleuca";"Giant panda";"Panda geant";"ChestHigh";"M";"42.8";"cm";"26";"photo";"Ailuropoda_melanoleuca_profile_1"
"Ailuropoda melanoleuca";"Giant panda";"Panda geant";"ChestHigh";"M";"47.7";"cm";"27";"photo";"Ailuropoda_melanoleuca_profile_2"
"Ailuropoda melanoleuca";"Giant panda";"Panda geant";"FrontLeg";"M";"69.2";"cm";"26";"photo";"Ailuropoda_melanoleuca_profile_1"
"Ailuropoda melanoleuca";"Giant panda";"Panda geant";"FrontLeg";"M";"66";"cm";"27";"photo";"Ailuropoda_melanoleuca_profile_2"
"Ailuropoda melanoleuca";"Giant panda";"Panda geant";"HindLeg";"M";"47.2";"cm";"26";"photo";"Ailuropoda_melanoleuca_profile_1"
"Ailuropoda melanoleuca";"Giant panda";"Panda geant";"HindLeg";"M";"51.6";"cm";"27";"photo";"Ailuropoda_melanoleuca_profile_2"
"Ailuropoda melanoleuca";"Giant panda";"Panda geant";"HeadFron";"M";"41.8";"cm";"26";"photo";"Ailuropoda_melanoleuca_profile_1"
"Ailuropoda melanoleuca";"Giant panda";"Panda geant";"HeadFron";"M";"32.4";"cm";"27";"photo";"Ailuropoda_melanoleuca_profile_2"
"Ailuropoda melanoleuca";"Giant panda";"Panda geant";"SnoutLen";"M";"12.7";"cm";"26";"photo";"Ailuropoda_melanoleuca_profile_1"
"Ailuropoda melanoleuca";"Giant panda";"Panda geant";"SnoutLen";"M";"10.3";"cm";"27";"photo";"Ailuropoda_melanoleuca_profile_2"
"Ailuropoda melanoleuca";"Giant panda";"Panda geant";"SnoutHei";"M";"25";"cm";"6";"photo";"Ailuropoda_melanoleuca_front_1"
"Ailuropoda melanoleuca";"Giant panda";"Panda geant";"SnoutHei";"M";"24.2";"cm";"7";"photo";"Ailuropoda_melanoleuca_front_2"
"Ailuropoda melanoleuca";"Giant panda";"Panda geant";"SnoutWid";"M";"21.9";"cm";"6";"photo";"Ailuropoda_melanoleuca_front_1"
"Ailuropoda melanoleuca";"Giant panda";"Panda geant";"SnoutWid";"M";"14.8";"cm";"7";"photo";"Ailuropoda_melanoleuca_front_2"
"Helarctos malayanus";"Sun bear";"Ours malais";"HeadBodyLen";"?";"122";"cm";"4";"scientific publication";"Kate E. Jones, Jon Bielby, Marcel Cardillo, Susanne A. Fritz, Justin O'Dell, C.  David L. Orme, Kamran Safi, Wes Sechrest, Elizabeth H. Boakes, Chris  Carbone, Christina Connolly, Michael J. Cutts, Janine K. Foster, Richard Grenyer, Michael Habib, Christopher A. Plaster, Samantha A. Price,  Elizabeth A. Rigby, Janna Rist, Amber Teacher, Olaf R. P.  Bininda-Emonds, John L. Gittleman, Georgina M. Mace, and Andy Purvis.  2009. PanTHERIA: a species-level database of life history, ecology, and  geography of extant and recently extinct mammals. Ecology 90:2648."
"Helarctos malayanus";"Sun bear";"Ours malais";"HeadBodyLen";"?";"130";"cm";"5";"scientific publication";"Huber D., van Manen F.T. (2019) Bear Morphology. In: Vonk J., Shackelford T. (eds) Encyclopedia of Animal Cognition and Behavior. Springer, Cham"
"Helarctos malayanus";"Sun bear";"Ours malais";"ShoulderHeight";"?";"70";"cm";"5";"scientific publication";"Huber D., van Manen F.T. (2019) Bear Morphology. In: Vonk J., Shackelford T. (eds) Encyclopedia of Animal Cognition and Behavior. Springer, Cham"
"Helarctos malayanus";"Sun bear";"Ours malais";"ShoulderHeight";"?";"70";"cm";"21";"wikipedia";"https://en.wikipedia.org/wiki/Sun_bear"
"Helarctos malayanus";"Sun bear";"Ours malais";"Weight";"?";"57";"kg";"4";"scientific publication";"Kate E. Jones, Jon Bielby, Marcel Cardillo, Susanne A. Fritz, Justin O'Dell, C.  David L. Orme, Kamran Safi, Wes Sechrest, Elizabeth H. Boakes, Chris  Carbone, Christina Connolly, Michael J. Cutts, Janine K. Foster, Richard Grenyer, Michael Habib, Christopher A. Plaster, Samantha A. Price,  Elizabeth A. Rigby, Janna Rist, Amber Teacher, Olaf R. P.  Bininda-Emonds, John L. Gittleman, Georgina M. Mace, and Andy Purvis.  2009. PanTHERIA: a species-level database of life history, ecology, and  geography of extant and recently extinct mammals. Ecology 90:2648."
"Helarctos malayanus";"Sun bear";"Ours malais";"Weight";"F";"45";"kg";"5";"scientific publication";"Huber D., van Manen F.T. (2019) Bear Morphology. In: Vonk J., Shackelford T. (eds) Encyclopedia of Animal Cognition and Behavior. Springer, Cham"
"Helarctos malayanus";"Sun bear";"Ours malais";"Weight";"M";"57";"kg";"5";"scientific publication";"Huber D., van Manen F.T. (2019) Bear Morphology. In: Vonk J., Shackelford T. (eds) Encyclopedia of Animal Cognition and Behavior. Springer, Cham"
"Helarctos malayanus";"Sun bear";"Ours malais";"FurThick";"?";"2";"NA";"0";"personal observation";NA
"Helarctos malayanus";"Sun bear";"Ours malais";"ChestLen";"M";"42.1";"cm";"28";"photo";"Helarctos_malayanus_front_1"
"Helarctos malayanus";"Sun bear";"Ours malais";"ChestLen";"M";"31";"cm";"29";"photo";"Helarctos_malayanus_front_2"
"Helarctos malayanus";"Sun bear";"Ours malais";"HeadHei";"M";"26.3";"cm";"28";"photo";"Helarctos_malayanus_front_1"
"Helarctos malayanus";"Sun bear";"Ours malais";"HeadHei";"M";"26.6";"cm";"29";"photo";"Helarctos_malayanus_front_2"
"Helarctos malayanus";"Sun bear";"Ours malais";"HeadLat";"M";"32.8";"cm";"28";"photo";"Helarctos_malayanus_front_1"
"Helarctos malayanus";"Sun bear";"Ours malais";"HeadLat";"M";"29.9";"cm";"29";"photo";"Helarctos_malayanus_front_2"
"Helarctos malayanus";"Sun bear";"Ours malais";"EarLen";"M";"1.7";"cm";"28";"photo";"Helarctos_malayanus_front_1"
"Helarctos malayanus";"Sun bear";"Ours malais";"EarLen";"M";"3.5";"cm";"29";"photo";"Helarctos_malayanus_front_2"
"Helarctos malayanus";"Sun bear";"Ours malais";"EyeDia";"M";"1.4";"cm";"28";"photo";"Helarctos_malayanus_front_1"
"Helarctos malayanus";"Sun bear";"Ours malais";"EyeDia";"M";"2";"cm";"29";"photo";"Helarctos_malayanus_front_2"
"Helarctos malayanus";"Sun bear";"Ours malais";"TruffleWid";"M";"6";"cm";"28";"photo";"Helarctos_malayanus_front_1"
"Helarctos malayanus";"Sun bear";"Ours malais";"TruffleWid";"M";"4.7";"cm";"29";"photo";"Helarctos_malayanus_front_2"
"Helarctos malayanus";"Sun bear";"Ours malais";"TruffleHei";"M";"4.7";"cm";"28";"photo";"Helarctos_malayanus_front_1"
"Helarctos malayanus";"Sun bear";"Ours malais";"TruffleHei";"M";"6.4";"cm";"29";"photo";"Helarctos_malayanus_front_2"
"Helarctos malayanus";"Sun bear";"Ours malais";"ChestHigh";"M";"34.1";"cm";"30";"photo";"Helarctos_malayanus_profile_1"
"Helarctos malayanus";"Sun bear";"Ours malais";"ChestHigh";"M";"34.4";"cm";"31";"photo";"Helarctos_malayanus_profile_2"
"Helarctos malayanus";"Sun bear";"Ours malais";"FrontLeg";"M";"55.4";"cm";"30";"photo";"Helarctos_malayanus_profile_1"
"Helarctos malayanus";"Sun bear";"Ours malais";"FrontLeg";"M";"53.7";"cm";"31";"photo";"Helarctos_malayanus_profile_2"
"Helarctos malayanus";"Sun bear";"Ours malais";"HindLeg";"M";"48.5";"cm";"30";"photo";"Helarctos_malayanus_profile_1"
"Helarctos malayanus";"Sun bear";"Ours malais";"HindLeg";"M";"43.9";"cm";"31";"photo";"Helarctos_malayanus_profile_2"
"Helarctos malayanus";"Sun bear";"Ours malais";"HeadFron";"M";"34.4";"cm";"30";"photo";"Helarctos_malayanus_profile_1"
"Helarctos malayanus";"Sun bear";"Ours malais";"HeadFron";"M";"28.5";"cm";"31";"photo";"Helarctos_malayanus_profile_2"
"Helarctos malayanus";"Sun bear";"Ours malais";"SnoutLen";"M";"9.9";"cm";"30";"photo";"Helarctos_malayanus_profile_1"
"Helarctos malayanus";"Sun bear";"Ours malais";"SnoutLen";"M";"10.9";"cm";"31";"photo";"Helarctos_malayanus_profile_2"
"Helarctos malayanus";"Sun bear";"Ours malais";"SnoutHei";"M";"21.1";"cm";"28";"photo";"Helarctos_malayanus_front_1"
"Helarctos malayanus";"Sun bear";"Ours malais";"SnoutHei";"M";"15.2";"cm";"29";"photo";"Helarctos_malayanus_front_2"
"Helarctos malayanus";"Sun bear";"Ours malais";"SnoutWid";"M";"12.9";"cm";"28";"photo";"Helarctos_malayanus_front_1"
"Helarctos malayanus";"Sun bear";"Ours malais";"SnoutWid";"M";"13.1";"cm";"29";"photo";"Helarctos_malayanus_front_2"
"Melursus ursinus";"Sloth bear";"Ours lippu";"HeadBodyLen";"?";"160";"cm";"4";"scientific publication";"Kate E. Jones, Jon Bielby, Marcel Cardillo, Susanne A. Fritz, Justin O'Dell, C.  David L. Orme, Kamran Safi, Wes Sechrest, Elizabeth H. Boakes, Chris  Carbone, Christina Connolly, Michael J. Cutts, Janine K. Foster, Richard Grenyer, Michael Habib, Christopher A. Plaster, Samantha A. Price,  Elizabeth A. Rigby, Janna Rist, Amber Teacher, Olaf R. P.  Bininda-Emonds, John L. Gittleman, Georgina M. Mace, and Andy Purvis.  2009. PanTHERIA: a species-level database of life history, ecology, and  geography of extant and recently extinct mammals. Ecology 90:2648."
"Melursus ursinus";"Sloth bear";"Ours lippu";"HeadBodyLen";"?";"175";"cm";"5";"scientific publication";"Huber D., van Manen F.T. (2019) Bear Morphology. In: Vonk J., Shackelford T. (eds) Encyclopedia of Animal Cognition and Behavior. Springer, Cham"
"Melursus ursinus";"Sloth bear";"Ours lippu";"HeadBodyLen";"?";"175";"cm";"22";"website";"https://nationalzoo.si.edu/animals/sloth-bear"
"Melursus ursinus";"Sloth bear";"Ours lippu";"ShoulderHeight";"?";"75";"cm";"5";"scientific publication";"Huber D., van Manen F.T. (2019) Bear Morphology. In: Vonk J., Shackelford T. (eds) Encyclopedia of Animal Cognition and Behavior. Springer, Cham"
"Melursus ursinus";"Sloth bear";"Ours lippu";"ShoulderHeight";"?";"75";"cm";"22";"website";"https://nationalzoo.si.edu/animals/sloth-bear"
"Melursus ursinus";"Sloth bear";"Ours lippu";"Weight";"?";"99";"kg";"4";"scientific publication";"Kate E. Jones, Jon Bielby, Marcel Cardillo, Susanne A. Fritz, Justin O'Dell, C.  David L. Orme, Kamran Safi, Wes Sechrest, Elizabeth H. Boakes, Chris  Carbone, Christina Connolly, Michael J. Cutts, Janine K. Foster, Richard Grenyer, Michael Habib, Christopher A. Plaster, Samantha A. Price,  Elizabeth A. Rigby, Janna Rist, Amber Teacher, Olaf R. P.  Bininda-Emonds, John L. Gittleman, Georgina M. Mace, and Andy Purvis.  2009. PanTHERIA: a species-level database of life history, ecology, and  geography of extant and recently extinct mammals. Ecology 90:2648."
"Melursus ursinus";"Sloth bear";"Ours lippu";"Weight";"F";"72";"kg";"5";"scientific publication";"Huber D., van Manen F.T. (2019) Bear Morphology. In: Vonk J., Shackelford T. (eds) Encyclopedia of Animal Cognition and Behavior. Springer, Cham"
"Melursus ursinus";"Sloth bear";"Ours lippu";"Weight";"M";"107";"kg";"5";"scientific publication";"Huber D., van Manen F.T. (2019) Bear Morphology. In: Vonk J., Shackelford T. (eds) Encyclopedia of Animal Cognition and Behavior. Springer, Cham"
"Melursus ursinus";"Sloth bear";"Ours lippu";"FurThick";"?";"7";"NA";"0";"personal observation";NA
"Melursus ursinus";"Sloth bear";"Ours lippu";"ChestLen";"M";"55.8";"cm";"32";"photo";"Melursus_ursinus_front_1"
"Melursus ursinus";"Sloth bear";"Ours lippu";"ChestLen";"M";"45.4";"cm";"33";"photo";"Melursus_ursinus_front_2"
"Melursus ursinus";"Sloth bear";"Ours lippu";"HeadHei";"M";"46.3";"cm";"32";"photo";"Melursus_ursinus_front_1"
"Melursus ursinus";"Sloth bear";"Ours lippu";"HeadHei";"M";"38.5";"cm";"33";"photo";"Melursus_ursinus_front_2"
"Melursus ursinus";"Sloth bear";"Ours lippu";"HeadLat";"M";"52.2";"cm";"32";"photo";"Melursus_ursinus_front_1"
"Melursus ursinus";"Sloth bear";"Ours lippu";"HeadLat";"M";"36.4";"cm";"33";"photo";"Melursus_ursinus_front_2"
"Melursus ursinus";"Sloth bear";"Ours lippu";"EarLen";"M";"23.2";"cm";"32";"photo";"Melursus_ursinus_front_1"
"Melursus ursinus";"Sloth bear";"Ours lippu";"EarLen";"M";"13.7";"cm";"33";"photo";"Melursus_ursinus_front_2"
"Melursus ursinus";"Sloth bear";"Ours lippu";"EyeDia";"M";"2.3";"cm";"32";"photo";"Melursus_ursinus_front_1"
"Melursus ursinus";"Sloth bear";"Ours lippu";"EyeDia";"M";"2.5";"cm";"33";"photo";"Melursus_ursinus_front_2"
"Melursus ursinus";"Sloth bear";"Ours lippu";"TruffleWid";"M";"10.5";"cm";"32";"photo";"Melursus_ursinus_front_1"
"Melursus ursinus";"Sloth bear";"Ours lippu";"TruffleWid";"M";"8.6";"cm";"33";"photo";"Melursus_ursinus_front_2"
"Melursus ursinus";"Sloth bear";"Ours lippu";"TruffleHei";"M";"4.5";"cm";"32";"photo";"Melursus_ursinus_front_1"
"Melursus ursinus";"Sloth bear";"Ours lippu";"TruffleHei";"M";"4.4";"cm";"33";"photo";"Melursus_ursinus_front_2"
"Melursus ursinus";"Sloth bear";"Ours lippu";"ChestHigh";"M";"69.1";"cm";"34";"photo";"Melursus_ursinus_profile_1"
"Melursus ursinus";"Sloth bear";"Ours lippu";"ChestHigh";"M";"53.3";"cm";"35";"photo";"Melursus_ursinus_profile_2"
"Melursus ursinus";"Sloth bear";"Ours lippu";"FrontLeg";"M";"87.8";"cm";"34";"photo";"Melursus_ursinus_profile_1"
"Melursus ursinus";"Sloth bear";"Ours lippu";"FrontLeg";"M";"71.9";"cm";"35";"photo";"Melursus_ursinus_profile_2"
"Melursus ursinus";"Sloth bear";"Ours lippu";"HindLeg";"M";"75.1";"cm";"34";"photo";"Melursus_ursinus_profile_1"
"Melursus ursinus";"Sloth bear";"Ours lippu";"HindLeg";"M";"64.8";"cm";"35";"photo";"Melursus_ursinus_profile_2"
"Melursus ursinus";"Sloth bear";"Ours lippu";"HeadFron";"M";"55.9";"cm";"34";"photo";"Melursus_ursinus_profile_1"
"Melursus ursinus";"Sloth bear";"Ours lippu";"HeadFron";"M";"46.6";"cm";"35";"photo";"Melursus_ursinus_profile_2"
"Melursus ursinus";"Sloth bear";"Ours lippu";"SnoutLen";"M";"23.1";"cm";"34";"photo";"Melursus_ursinus_profile_1"
"Melursus ursinus";"Sloth bear";"Ours lippu";"SnoutLen";"M";"19.5";"cm";"35";"photo";"Melursus_ursinus_profile_2"
"Melursus ursinus";"Sloth bear";"Ours lippu";"SnoutHei";"M";"24";"cm";"32";"photo";"Melursus_ursinus_front_1"
"Melursus ursinus";"Sloth bear";"Ours lippu";"SnoutHei";"M";"18.2";"cm";"33";"photo";"Melursus_ursinus_front_2"
"Melursus ursinus";"Sloth bear";"Ours lippu";"SnoutWid";"M";"20.8";"cm";"32";"photo";"Melursus_ursinus_front_1"
"Melursus ursinus";"Sloth bear";"Ours lippu";"SnoutWid";"M";"16";"cm";"33";"photo";"Melursus_ursinus_front_2"
"Thalarctos maritimus";"Polar bear";"Ours blanc";"HeadBodyLen";"?";"200";"cm";"4";"scientific publication";"Kate E. Jones, Jon Bielby, Marcel Cardillo, Susanne A. Fritz, Justin O'Dell, C.  David L. Orme, Kamran Safi, Wes Sechrest, Elizabeth H. Boakes, Chris  Carbone, Christina Connolly, Michael J. Cutts, Janine K. Foster, Richard Grenyer, Michael Habib, Christopher A. Plaster, Samantha A. Price,  Elizabeth A. Rigby, Janna Rist, Amber Teacher, Olaf R. P.  Bininda-Emonds, John L. Gittleman, Georgina M. Mace, and Andy Purvis.  2009. PanTHERIA: a species-level database of life history, ecology, and  geography of extant and recently extinct mammals. Ecology 90:2648."
"Thalarctos maritimus";"Polar bear";"Ours blanc";"HeadBodyLen";"?";"240";"cm";"5";"scientific publication";"Huber D., van Manen F.T. (2019) Bear Morphology. In: Vonk J., Shackelford T. (eds) Encyclopedia of Animal Cognition and Behavior. Springer, Cham"
"Thalarctos maritimus";"Polar bear";"Ours blanc";"HeadBodyLen";"M";"225";"cm";"20";"scientific publication";"Shabel, A. (2010). Mammals of the Northern Hemisphere. Cavendish Square."
"Thalarctos maritimus";"Polar bear";"Ours blanc";"HeadBodyLen";"F";"190";"cm";"20";"scientific publication";"Shabel, A. (2010). Mammals of the Northern Hemisphere. Cavendish Square."
"Thalarctos maritimus";"Polar bear";"Ours blanc";"HeadBodyLen";"M";"230";"cm";"23";"website";"https://web.archive.org/web/20110930194832/http://wildlife1.wildlifeinformation.org/s/0MCarnivor/ursidae/ursus/Ursus_maritimus/01ursus_maritimusamwtht.html"
"Thalarctos maritimus";"Polar bear";"Ours blanc";"HeadBodyLen";"F";"190";"cm";"23";"website";"https://web.archive.org/web/20110930194832/http://wildlife1.wildlifeinformation.org/s/0MCarnivor/ursidae/ursus/Ursus_maritimus/01ursus_maritimusamwtht.html"
"Thalarctos maritimus";"Polar bear";"Ours blanc";"ShoulderHeight";"?";"145";"cm";"5";"scientific publication";"Huber D., van Manen F.T. (2019) Bear Morphology. In: Vonk J., Shackelford T. (eds) Encyclopedia of Animal Cognition and Behavior. Springer, Cham"
"Thalarctos maritimus";"Polar bear";"Ours blanc";"ShoulderHeight";"M";"145";"cm";"23";"website";"https://web.archive.org/web/20110930194832/http://wildlife1.wildlifeinformation.org/s/0MCarnivor/ursidae/ursus/Ursus_maritimus/01ursus_maritimusamwtht.html"
"Thalarctos maritimus";"Polar bear";"Ours blanc";"Weight";"?";"375";"kg";"4";"scientific publication";"Kate E. Jones, Jon Bielby, Marcel Cardillo, Susanne A. Fritz, Justin O'Dell, C.  David L. Orme, Kamran Safi, Wes Sechrest, Elizabeth H. Boakes, Chris  Carbone, Christina Connolly, Michael J. Cutts, Janine K. Foster, Richard Grenyer, Michael Habib, Christopher A. Plaster, Samantha A. Price,  Elizabeth A. Rigby, Janna Rist, Amber Teacher, Olaf R. P.  Bininda-Emonds, John L. Gittleman, Georgina M. Mace, and Andy Purvis.  2009. PanTHERIA: a species-level database of life history, ecology, and  geography of extant and recently extinct mammals. Ecology 90:2648."
"Thalarctos maritimus";"Polar bear";"Ours blanc";"Weight";"F";"200";"kg";"5";"scientific publication";"Huber D., van Manen F.T. (2019) Bear Morphology. In: Vonk J., Shackelford T. (eds) Encyclopedia of Animal Cognition and Behavior. Springer, Cham"
"Thalarctos maritimus";"Polar bear";"Ours blanc";"Weight";"M";"475";"kg";"5";"scientific publication";"Huber D., van Manen F.T. (2019) Bear Morphology. In: Vonk J., Shackelford T. (eds) Encyclopedia of Animal Cognition and Behavior. Springer, Cham"
"Thalarctos maritimus";"Polar bear";"Ours blanc";"Weight";"M";"525";"kg";"20";"scientific publication";"Shabel, A. (2010). Mammals of the Northern Hemisphere. Cavendish Square."
"Thalarctos maritimus";"Polar bear";"Ours blanc";"Weight";"M";"515";"kg";"23";"website";"https://web.archive.org/web/20110930194832/http://wildlife1.wildlifeinformation.org/s/0MCarnivor/ursidae/ursus/Ursus_maritimus/01ursus_maritimusamwtht.html"
"Thalarctos maritimus";"Polar bear";"Ours blanc";"FurThick";"?";"5";"NA";"0";"personal observation";NA
"Thalarctos maritimus";"Polar bear";"Ours blanc";"ChestLen";"M";"62.5";"cm";"36";"photo";"Thalarctos_maritimus_front_1"
"Thalarctos maritimus";"Polar bear";"Ours blanc";"ChestLen";"M";"56.1";"cm";"37";"photo";"Thalarctos_maritimus_front_2"
"Thalarctos maritimus";"Polar bear";"Ours blanc";"HeadHei";"M";"38.5";"cm";"36";"photo";"Thalarctos_maritimus_front_1"
"Thalarctos maritimus";"Polar bear";"Ours blanc";"HeadHei";"M";"34.5";"cm";"37";"photo";"Thalarctos_maritimus_front_2"
"Thalarctos maritimus";"Polar bear";"Ours blanc";"HeadLat";"M";"41.9";"cm";"36";"photo";"Thalarctos_maritimus_front_1"
"Thalarctos maritimus";"Polar bear";"Ours blanc";"HeadLat";"M";"36.6";"cm";"37";"photo";"Thalarctos_maritimus_front_2"
"Thalarctos maritimus";"Polar bear";"Ours blanc";"EarLen";"M";"10.1";"cm";"36";"photo";"Thalarctos_maritimus_front_1"
"Thalarctos maritimus";"Polar bear";"Ours blanc";"EarLen";"M";"8.7";"cm";"37";"photo";"Thalarctos_maritimus_front_2"
"Thalarctos maritimus";"Polar bear";"Ours blanc";"EyeDia";"M";"3.4";"cm";"36";"photo";"Thalarctos_maritimus_front_1"
"Thalarctos maritimus";"Polar bear";"Ours blanc";"EyeDia";"M";"2.8";"cm";"37";"photo";"Thalarctos_maritimus_front_2"
"Thalarctos maritimus";"Polar bear";"Ours blanc";"TruffleWid";"M";"10.9";"cm";"36";"photo";"Thalarctos_maritimus_front_1"
"Thalarctos maritimus";"Polar bear";"Ours blanc";"TruffleWid";"M";"9.4";"cm";"37";"photo";"Thalarctos_maritimus_front_2"
"Thalarctos maritimus";"Polar bear";"Ours blanc";"TruffleHei";"M";"8.2";"cm";"36";"photo";"Thalarctos_maritimus_front_1"
"Thalarctos maritimus";"Polar bear";"Ours blanc";"TruffleHei";"M";"6.3";"cm";"37";"photo";"Thalarctos_maritimus_front_2"
"Thalarctos maritimus";"Polar bear";"Ours blanc";"ChestHigh";"M";"53.8";"cm";"38";"photo";"Thalarctos_maritimus_profile_1"
"Thalarctos maritimus";"Polar bear";"Ours blanc";"ChestHigh";"M";"67.9";"cm";"39";"photo";"Thalarctos_maritimus_profile_2"
"Thalarctos maritimus";"Polar bear";"Ours blanc";"FrontLeg";"M";"97.4";"cm";"38";"photo";"Thalarctos_maritimus_profile_1"
"Thalarctos maritimus";"Polar bear";"Ours blanc";"FrontLeg";"M";"101.3";"cm";"39";"photo";"Thalarctos_maritimus_profile_2"
"Thalarctos maritimus";"Polar bear";"Ours blanc";"HindLeg";"M";"85.6";"cm";"38";"photo";"Thalarctos_maritimus_profile_1"
"Thalarctos maritimus";"Polar bear";"Ours blanc";"HindLeg";"M";"100.5";"cm";"39";"photo";"Thalarctos_maritimus_profile_2"
"Thalarctos maritimus";"Polar bear";"Ours blanc";"HeadFron";"M";"46.3";"cm";"38";"photo";"Thalarctos_maritimus_profile_1"
"Thalarctos maritimus";"Polar bear";"Ours blanc";"HeadFron";"M";"41.5";"cm";"39";"photo";"Thalarctos_maritimus_profile_2"
"Thalarctos maritimus";"Polar bear";"Ours blanc";"SnoutLen";"M";"21.6";"cm";"38";"photo";"Thalarctos_maritimus_profile_1"
"Thalarctos maritimus";"Polar bear";"Ours blanc";"SnoutLen";"M";"18.5";"cm";"39";"photo";"Thalarctos_maritimus_profile_2"
"Thalarctos maritimus";"Polar bear";"Ours blanc";"SnoutHei";"M";"21.4";"cm";"36";"photo";"Thalarctos_maritimus_front_1"
"Thalarctos maritimus";"Polar bear";"Ours blanc";"SnoutHei";"M";"18.1";"cm";"37";"photo";"Thalarctos_maritimus_front_2"
"Thalarctos maritimus";"Polar bear";"Ours blanc";"SnoutWid";"M";"17.3";"cm";"36";"photo";"Thalarctos_maritimus_front_1"
"Thalarctos maritimus";"Polar bear";"Ours blanc";"SnoutWid";"M";"13.8";"cm";"37";"photo";"Thalarctos_maritimus_front_2"
"Tremarctos ornatus";"Spectacled bear";"Ours a lunettes";"HeadBodyLen";"?";"177";"cm";"4";"scientific publication";"Kate E. Jones, Jon Bielby, Marcel Cardillo, Susanne A. Fritz, Justin O'Dell, C.  David L. Orme, Kamran Safi, Wes Sechrest, Elizabeth H. Boakes, Chris  Carbone, Christina Connolly, Michael J. Cutts, Janine K. Foster, Richard Grenyer, Michael Habib, Christopher A. Plaster, Samantha A. Price,  Elizabeth A. Rigby, Janna Rist, Amber Teacher, Olaf R. P.  Bininda-Emonds, John L. Gittleman, Georgina M. Mace, and Andy Purvis.  2009. PanTHERIA: a species-level database of life history, ecology, and  geography of extant and recently extinct mammals. Ecology 90:2648."
"Tremarctos ornatus";"Spectacled bear";"Ours a lunettes";"HeadBodyLen";"?";"160";"cm";"5";"scientific publication";"Huber D., van Manen F.T. (2019) Bear Morphology. In: Vonk J., Shackelford T. (eds) Encyclopedia of Animal Cognition and Behavior. Springer, Cham"
"Tremarctos ornatus";"Spectacled bear";"Ours a lunettes";"HeadBodyLen";"?";"160";"cm";"24";"wikipedia";"https://en.wikipedia.org/wiki/Spectacled_bear"
"Tremarctos ornatus";"Spectacled bear";"Ours a lunettes";"ShoulderHeight";"?";"75";"cm";"5";"scientific publication";"Huber D., van Manen F.T. (2019) Bear Morphology. In: Vonk J., Shackelford T. (eds) Encyclopedia of Animal Cognition and Behavior. Springer, Cham"
"Tremarctos ornatus";"Spectacled bear";"Ours a lunettes";"ShoulderHeight";"?";"75";"cm";"24";"wikipedia";"https://en.wikipedia.org/wiki/Spectacled_bear"
"Tremarctos ornatus";"Spectacled bear";"Ours a lunettes";"Weight";"?";"123";"kg";"4";"scientific publication";"Kate E. Jones, Jon Bielby, Marcel Cardillo, Susanne A. Fritz, Justin O'Dell, C.  David L. Orme, Kamran Safi, Wes Sechrest, Elizabeth H. Boakes, Chris  Carbone, Christina Connolly, Michael J. Cutts, Janine K. Foster, Richard Grenyer, Michael Habib, Christopher A. Plaster, Samantha A. Price,  Elizabeth A. Rigby, Janna Rist, Amber Teacher, Olaf R. P.  Bininda-Emonds, John L. Gittleman, Georgina M. Mace, and Andy Purvis.  2009. PanTHERIA: a species-level database of life history, ecology, and  geography of extant and recently extinct mammals. Ecology 90:2648."
"Tremarctos ornatus";"Spectacled bear";"Ours a lunettes";"Weight";"F";"70";"kg";"5";"scientific publication";"Huber D., van Manen F.T. (2019) Bear Morphology. In: Vonk J., Shackelford T. (eds) Encyclopedia of Animal Cognition and Behavior. Springer, Cham"
"Tremarctos ornatus";"Spectacled bear";"Ours a lunettes";"Weight";"M";"137";"kg";"5";"scientific publication";"Huber D., van Manen F.T. (2019) Bear Morphology. In: Vonk J., Shackelford T. (eds) Encyclopedia of Animal Cognition and Behavior. Springer, Cham"
"Tremarctos ornatus";"Spectacled bear";"Ours a lunettes";"Weight";"M";"115";"kg";"24";"wikipedia";"https://en.wikipedia.org/wiki/Spectacled_bear"
"Tremarctos ornatus";"Spectacled bear";"Ours a lunettes";"Weight";"F";"75";"kg";"24";"wikipedia";"https://en.wikipedia.org/wiki/Spectacled_bear"
"Tremarctos ornatus";"Spectacled bear";"Ours a lunettes";"FurThick";"?";"6";"NA";"0";"personal observation";NA
"Tremarctos ornatus";"Spectacled bear";"Ours a lunettes";"ChestLen";"M";"54.2";"cm";"40";"photo";"Tremarctos_ornatus_front_1"
"Tremarctos ornatus";"Spectacled bear";"Ours a lunettes";"ChestLen";"M";"59.5";"cm";"41";"photo";"Tremarctos_ornatus_front_2"
"Tremarctos ornatus";"Spectacled bear";"Ours a lunettes";"HeadHei";"M";"42.3";"cm";"40";"photo";"Tremarctos_ornatus_front_1"
"Tremarctos ornatus";"Spectacled bear";"Ours a lunettes";"HeadHei";"M";"51";"cm";"41";"photo";"Tremarctos_ornatus_front_2"
"Tremarctos ornatus";"Spectacled bear";"Ours a lunettes";"HeadLat";"M";"54.7";"cm";"40";"photo";"Tremarctos_ornatus_front_1"
"Tremarctos ornatus";"Spectacled bear";"Ours a lunettes";"HeadLat";"M";"52.6";"cm";"41";"photo";"Tremarctos_ornatus_front_2"
"Tremarctos ornatus";"Spectacled bear";"Ours a lunettes";"EarLen";"M";"11.9";"cm";"40";"photo";"Tremarctos_ornatus_front_1"
"Tremarctos ornatus";"Spectacled bear";"Ours a lunettes";"EarLen";"M";"14.1";"cm";"41";"photo";"Tremarctos_ornatus_front_2"
"Tremarctos ornatus";"Spectacled bear";"Ours a lunettes";"EyeDia";"M";"2.6";"cm";"40";"photo";"Tremarctos_ornatus_front_1"
"Tremarctos ornatus";"Spectacled bear";"Ours a lunettes";"EyeDia";"M";"3.3";"cm";"41";"photo";"Tremarctos_ornatus_front_2"
"Tremarctos ornatus";"Spectacled bear";"Ours a lunettes";"TruffleWid";"M";"7.7";"cm";"40";"photo";"Tremarctos_ornatus_front_1"
"Tremarctos ornatus";"Spectacled bear";"Ours a lunettes";"TruffleWid";"M";"10";"cm";"41";"photo";"Tremarctos_ornatus_front_2"
"Tremarctos ornatus";"Spectacled bear";"Ours a lunettes";"TruffleHei";"M";"4.9";"cm";"40";"photo";"Tremarctos_ornatus_front_1"
"Tremarctos ornatus";"Spectacled bear";"Ours a lunettes";"TruffleHei";"M";"6.3";"cm";"41";"photo";"Tremarctos_ornatus_front_2"
"Tremarctos ornatus";"Spectacled bear";"Ours a lunettes";"ChestHigh";"M";"49";"cm";"42";"photo";"Tremarctos_ornatus_profile_1"
"Tremarctos ornatus";"Spectacled bear";"Ours a lunettes";"ChestHigh";"M";"44.8";"cm";"43";"photo";"Tremarctos_ornatus_profile_2"
"Tremarctos ornatus";"Spectacled bear";"Ours a lunettes";"FrontLeg";"M";"65.2";"cm";"42";"photo";"Tremarctos_ornatus_profile_1"
"Tremarctos ornatus";"Spectacled bear";"Ours a lunettes";"FrontLeg";"M";"59.4";"cm";"43";"photo";"Tremarctos_ornatus_profile_2"
"Tremarctos ornatus";"Spectacled bear";"Ours a lunettes";"HindLeg";"M";"70";"cm";"42";"photo";"Tremarctos_ornatus_profile_1"
"Tremarctos ornatus";"Spectacled bear";"Ours a lunettes";"HindLeg";"M";"60.7";"cm";"43";"photo";"Tremarctos_ornatus_profile_2"
"Tremarctos ornatus";"Spectacled bear";"Ours a lunettes";"HeadFron";"M";"32";"cm";"42";"photo";"Tremarctos_ornatus_profile_1"
"Tremarctos ornatus";"Spectacled bear";"Ours a lunettes";"HeadFron";"M";"29.3";"cm";"43";"photo";"Tremarctos_ornatus_profile_2"
"Tremarctos ornatus";"Spectacled bear";"Ours a lunettes";"SnoutLen";"M";"12.1";"cm";"42";"photo";"Tremarctos_ornatus_profile_1"
"Tremarctos ornatus";"Spectacled bear";"Ours a lunettes";"SnoutLen";"M";"11.9";"cm";"43";"photo";"Tremarctos_ornatus_profile_2"
"Tremarctos ornatus";"Spectacled bear";"Ours a lunettes";"SnoutHei";"M";"19.1";"cm";"40";"photo";"Tremarctos_ornatus_front_1"
"Tremarctos ornatus";"Spectacled bear";"Ours a lunettes";"SnoutHei";"M";"20.6";"cm";"41";"photo";"Tremarctos_ornatus_front_2"
"Tremarctos ornatus";"Spectacled bear";"Ours a lunettes";"SnoutWid";"M";"15.5";"cm";"40";"photo";"Tremarctos_ornatus_front_1"
"Tremarctos ornatus";"Spectacled bear";"Ours a lunettes";"SnoutWid";"M";"16.3";"cm";"41";"photo";"Tremarctos_ornatus_front_2"
"Ursus americanus";"Black bear";"Ours noir";"HeadBodyLen";"?";"139";"cm";"4";"scientific publication";"Kate E. Jones, Jon Bielby, Marcel Cardillo, Susanne A. Fritz, Justin O'Dell, C.  David L. Orme, Kamran Safi, Wes Sechrest, Elizabeth H. Boakes, Chris  Carbone, Christina Connolly, Michael J. Cutts, Janine K. Foster, Richard Grenyer, Michael Habib, Christopher A. Plaster, Samantha A. Price,  Elizabeth A. Rigby, Janna Rist, Amber Teacher, Olaf R. P.  Bininda-Emonds, John L. Gittleman, Georgina M. Mace, and Andy Purvis.  2009. PanTHERIA: a species-level database of life history, ecology, and  geography of extant and recently extinct mammals. Ecology 90:2648."
"Ursus americanus";"Black bear";"Ours noir";"HeadBodyLen";"?";"165";"cm";"5";"scientific publication";"Huber D., van Manen F.T. (2019) Bear Morphology. In: Vonk J., Shackelford T. (eds) Encyclopedia of Animal Cognition and Behavior. Springer, Cham"
"Ursus americanus";"Black bear";"Ours noir";"HeadBodyLen";"?";"160";"cm";"19";"wikipedia";"https://en.wikipedia.org/wiki/American_black_bear#CITEREFBrown1993"
"Ursus americanus";"Black bear";"Ours noir";"ShoulderHeight";"?";"85";"cm";"5";"scientific publication";"Huber D., van Manen F.T. (2019) Bear Morphology. In: Vonk J., Shackelford T. (eds) Encyclopedia of Animal Cognition and Behavior. Springer, Cham"
"Ursus americanus";"Black bear";"Ours noir";"ShoulderHeight";"?";"87";"cm";"19";"wikipedia";"https://en.wikipedia.org/wiki/American_black_bear#CITEREFBrown1993"
"Ursus americanus";"Black bear";"Ours noir";"Weight";"?";"111";"kg";"4";"scientific publication";"Kate E. Jones, Jon Bielby, Marcel Cardillo, Susanne A. Fritz, Justin O'Dell, C.  David L. Orme, Kamran Safi, Wes Sechrest, Elizabeth H. Boakes, Chris  Carbone, Christina Connolly, Michael J. Cutts, Janine K. Foster, Richard Grenyer, Michael Habib, Christopher A. Plaster, Samantha A. Price,  Elizabeth A. Rigby, Janna Rist, Amber Teacher, Olaf R. P.  Bininda-Emonds, John L. Gittleman, Georgina M. Mace, and Andy Purvis.  2009. PanTHERIA: a species-level database of life history, ecology, and  geography of extant and recently extinct mammals. Ecology 90:2648."
"Ursus americanus";"Black bear";"Ours noir";"Weight";"F";"125";"kg";"5";"scientific publication";"Huber D., van Manen F.T. (2019) Bear Morphology. In: Vonk J., Shackelford T. (eds) Encyclopedia of Animal Cognition and Behavior. Springer, Cham"
"Ursus americanus";"Black bear";"Ours noir";"Weight";"M";"142";"kg";"5";"scientific publication";"Huber D., van Manen F.T. (2019) Bear Morphology. In: Vonk J., Shackelford T. (eds) Encyclopedia of Animal Cognition and Behavior. Springer, Cham"
"Ursus americanus";"Black bear";"Ours noir";"Weight";"?";"153";"kg";"18";"scientific publication";"Hunter, L. (2011). Carnivores of the World, Princeton University Press."
"Ursus americanus";"Black bear";"Ours noir";"FurThick";"?";"5";"NA";"0";"personal observation";NA
"Ursus americanus";"Black bear";"Ours noir";"ChestLen";"M";"44.6";"cm";"44";"photo";"Ursus_americanus_front_1"
"Ursus americanus";"Black bear";"Ours noir";"ChestLen";"M";"48.8";"cm";"45";"photo";"Ursus_americanus_front_2"
"Ursus americanus";"Black bear";"Ours noir";"HeadHei";"M";"32.7";"cm";"44";"photo";"Ursus_americanus_front_1"
"Ursus americanus";"Black bear";"Ours noir";"HeadHei";"M";"35.2";"cm";"45";"photo";"Ursus_americanus_front_2"
"Ursus americanus";"Black bear";"Ours noir";"HeadLat";"M";"29.5";"cm";"44";"photo";"Ursus_americanus_front_1"
"Ursus americanus";"Black bear";"Ours noir";"HeadLat";"M";"34.8";"cm";"45";"photo";"Ursus_americanus_front_2"
"Ursus americanus";"Black bear";"Ours noir";"EarLen";"M";"9.9";"cm";"44";"photo";"Ursus_americanus_front_1"
"Ursus americanus";"Black bear";"Ours noir";"EarLen";"M";"9";"cm";"45";"photo";"Ursus_americanus_front_2"
"Ursus americanus";"Black bear";"Ours noir";"EyeDia";"M";"1.5";"cm";"44";"photo";"Ursus_americanus_front_1"
"Ursus americanus";"Black bear";"Ours noir";"EyeDia";"M";"2.3";"cm";"45";"photo";"Ursus_americanus_front_2"
"Ursus americanus";"Black bear";"Ours noir";"TruffleWid";"M";"5.2";"cm";"44";"photo";"Ursus_americanus_front_1"
"Ursus americanus";"Black bear";"Ours noir";"TruffleWid";"M";"6.2";"cm";"45";"photo";"Ursus_americanus_front_2"
"Ursus americanus";"Black bear";"Ours noir";"TruffleHei";"M";"5.1";"cm";"44";"photo";"Ursus_americanus_front_1"
"Ursus americanus";"Black bear";"Ours noir";"TruffleHei";"M";"5.2";"cm";"45";"photo";"Ursus_americanus_front_2"
"Ursus americanus";"Black bear";"Ours noir";"ChestHigh";"M";"42.4";"cm";"46";"photo";"Ursus_americanus_profile_1"
"Ursus americanus";"Black bear";"Ours noir";"ChestHigh";"M";"49.2";"cm";"47";"photo";"Ursus_americanus_profile_2"
"Ursus americanus";"Black bear";"Ours noir";"FrontLeg";"M";"62.8";"cm";"46";"photo";"Ursus_americanus_profile_1"
"Ursus americanus";"Black bear";"Ours noir";"FrontLeg";"M";"74.4";"cm";"47";"photo";"Ursus_americanus_profile_2"
"Ursus americanus";"Black bear";"Ours noir";"HindLeg";"M";"54.6";"cm";"46";"photo";"Ursus_americanus_profile_1"
"Ursus americanus";"Black bear";"Ours noir";"HindLeg";"M";"67.2";"cm";"47";"photo";"Ursus_americanus_profile_2"
"Ursus americanus";"Black bear";"Ours noir";"HeadFron";"M";"28.9";"cm";"46";"photo";"Ursus_americanus_profile_1"
"Ursus americanus";"Black bear";"Ours noir";"HeadFron";"M";"38";"cm";"47";"photo";"Ursus_americanus_profile_2"
"Ursus americanus";"Black bear";"Ours noir";"SnoutLen";"M";"11.3";"cm";"46";"photo";"Ursus_americanus_profile_1"
"Ursus americanus";"Black bear";"Ours noir";"SnoutLen";"M";"14.4";"cm";"47";"photo";"Ursus_americanus_profile_2"
"Ursus americanus";"Black bear";"Ours noir";"SnoutHei";"M";"11.7";"cm";"44";"photo";"Ursus_americanus_front_1"
"Ursus americanus";"Black bear";"Ours noir";"SnoutHei";"M";"17.8";"cm";"45";"photo";"Ursus_americanus_front_2"
"Ursus americanus";"Black bear";"Ours noir";"SnoutWid";"M";"10.1";"cm";"44";"photo";"Ursus_americanus_front_1"
"Ursus americanus";"Black bear";"Ours noir";"SnoutWid";"M";"15";"cm";"45";"photo";"Ursus_americanus_front_2"
"Ursus arctos arctos";"Eurasian brown bear";"Ours brun Europe";"HeadBodyLen";"?";"148";"cm";"4";"scientific publication";"Kate E. Jones, Jon Bielby, Marcel Cardillo, Susanne A. Fritz, Justin O'Dell, C.  David L. Orme, Kamran Safi, Wes Sechrest, Elizabeth H. Boakes, Chris  Carbone, Christina Connolly, Michael J. Cutts, Janine K. Foster, Richard Grenyer, Michael Habib, Christopher A. Plaster, Samantha A. Price,  Elizabeth A. Rigby, Janna Rist, Amber Teacher, Olaf R. P.  Bininda-Emonds, John L. Gittleman, Georgina M. Mace, and Andy Purvis.  2009. PanTHERIA: a species-level database of life history, ecology, and  geography of extant and recently extinct mammals. Ecology 90:2648."
"Ursus arctos arctos";"Eurasian brown bear";"Ours brun Europe";"HeadBodyLen";"?";"142";"cm";"15";"website";"https://inpn.mnhn.fr/docs/cahab/fiches/1354.pdf"
"Ursus arctos arctos";"Eurasian brown bear";"Ours brun Europe";"ShoulderHeight";"?";"120";"cm";"5";"scientific publication";"Huber D., van Manen F.T. (2019) Bear Morphology. In: Vonk J., Shackelford T. (eds) Encyclopedia of Animal Cognition and Behavior. Springer, Cham"
"Ursus arctos arctos";"Eurasian brown bear";"Ours brun Europe";"ShoulderHeight";"?";"90";"cm";"15";"website";"https://inpn.mnhn.fr/docs/cahab/fiches/1354.pdf"
"Ursus arctos arctos";"Eurasian brown bear";"Ours brun Europe";"Weight";"F";"165";"kg";"5";"scientific publication";"Huber D., van Manen F.T. (2019) Bear Morphology. In: Vonk J., Shackelford T. (eds) Encyclopedia of Animal Cognition and Behavior. Springer, Cham"
"Ursus arctos arctos";"Eurasian brown bear";"Ours brun Europe";"Weight";"M";"340";"kg";"5";"scientific publication";"Huber D., van Manen F.T. (2019) Bear Morphology. In: Vonk J., Shackelford T. (eds) Encyclopedia of Animal Cognition and Behavior. Springer, Cham"
"Ursus arctos arctos";"Eurasian brown bear";"Ours brun Europe";"Weight";"?";"135";"kg";"15";"website";"https://inpn.mnhn.fr/docs/cahab/fiches/1354.pdf"
"Ursus arctos arctos";"Eurasian brown bear";"Ours brun Europe";"FurThick";"?";"7";"NA";"0";"personal observation";NA
"Ursus arctos arctos";"Eurasian brown bear";"Ours brun Europe";"ChestLen";"M";"41";"cm";"48";"photo";"Ursus_arctos_arctos_front_1"
"Ursus arctos arctos";"Eurasian brown bear";"Ours brun Europe";"ChestLen";"M";"38.4";"cm";"49";"photo";"Ursus_arctos_arctos_front_2"
"Ursus arctos arctos";"Eurasian brown bear";"Ours brun Europe";"HeadHei";"M";"32.4";"cm";"48";"photo";"Ursus_arctos_arctos_front_1"
"Ursus arctos arctos";"Eurasian brown bear";"Ours brun Europe";"HeadHei";"M";"25.5";"cm";"49";"photo";"Ursus_arctos_arctos_front_2"
"Ursus arctos arctos";"Eurasian brown bear";"Ours brun Europe";"HeadLat";"M";"35.8";"cm";"48";"photo";"Ursus_arctos_arctos_front_1"
"Ursus arctos arctos";"Eurasian brown bear";"Ours brun Europe";"HeadLat";"M";"27.4";"cm";"49";"photo";"Ursus_arctos_arctos_front_2"
"Ursus arctos arctos";"Eurasian brown bear";"Ours brun Europe";"EarLen";"M";"7";"cm";"48";"photo";"Ursus_arctos_arctos_front_1"
"Ursus arctos arctos";"Eurasian brown bear";"Ours brun Europe";"EarLen";"M";"10.3";"cm";"49";"photo";"Ursus_arctos_arctos_front_2"
"Ursus arctos arctos";"Eurasian brown bear";"Ours brun Europe";"EyeDia";"M";"1.8";"cm";"48";"photo";"Ursus_arctos_arctos_front_1"
"Ursus arctos arctos";"Eurasian brown bear";"Ours brun Europe";"EyeDia";"M";"1.9";"cm";"49";"photo";"Ursus_arctos_arctos_front_2"
"Ursus arctos arctos";"Eurasian brown bear";"Ours brun Europe";"TruffleWid";"M";"6.4";"cm";"48";"photo";"Ursus_arctos_arctos_front_1"
"Ursus arctos arctos";"Eurasian brown bear";"Ours brun Europe";"TruffleWid";"M";"6.7";"cm";"49";"photo";"Ursus_arctos_arctos_front_2"
"Ursus arctos arctos";"Eurasian brown bear";"Ours brun Europe";"TruffleHei";"M";"4.8";"cm";"48";"photo";"Ursus_arctos_arctos_front_1"
"Ursus arctos arctos";"Eurasian brown bear";"Ours brun Europe";"TruffleHei";"M";"5.5";"cm";"49";"photo";"Ursus_arctos_arctos_front_2"
"Ursus arctos arctos";"Eurasian brown bear";"Ours brun Europe";"ChestHigh";"M";"54.6";"cm";"50";"photo";"Ursus_arctos_arctos_profile_1"
"Ursus arctos arctos";"Eurasian brown bear";"Ours brun Europe";"ChestHigh";"M";"44.4";"cm";"51";"photo";"Ursus_arctos_arctos_profile_2"
"Ursus arctos arctos";"Eurasian brown bear";"Ours brun Europe";"FrontLeg";"M";"72.4";"cm";"50";"photo";"Ursus_arctos_arctos_profile_1"
"Ursus arctos arctos";"Eurasian brown bear";"Ours brun Europe";"FrontLeg";"M";"71.5";"cm";"51";"photo";"Ursus_arctos_arctos_profile_2"
"Ursus arctos arctos";"Eurasian brown bear";"Ours brun Europe";"HindLeg";"M";"61.6";"cm";"50";"photo";"Ursus_arctos_arctos_profile_1"
"Ursus arctos arctos";"Eurasian brown bear";"Ours brun Europe";"HindLeg";"M";"58.2";"cm";"51";"photo";"Ursus_arctos_arctos_profile_2"
"Ursus arctos arctos";"Eurasian brown bear";"Ours brun Europe";"HeadFron";"M";"33.7";"cm";"50";"photo";"Ursus_arctos_arctos_profile_1"
"Ursus arctos arctos";"Eurasian brown bear";"Ours brun Europe";"HeadFron";"M";"29.7";"cm";"51";"photo";"Ursus_arctos_arctos_profile_2"
"Ursus arctos arctos";"Eurasian brown bear";"Ours brun Europe";"SnoutLen";"M";"14";"cm";"50";"photo";"Ursus_arctos_arctos_profile_1"
"Ursus arctos arctos";"Eurasian brown bear";"Ours brun Europe";"SnoutLen";"M";"11.1";"cm";"51";"photo";"Ursus_arctos_arctos_profile_2"
"Ursus arctos arctos";"Eurasian brown bear";"Ours brun Europe";"SnoutHei";"M";"14.1";"cm";"48";"photo";"Ursus_arctos_arctos_front_1"
"Ursus arctos arctos";"Eurasian brown bear";"Ours brun Europe";"SnoutHei";"M";"13.7";"cm";"49";"photo";"Ursus_arctos_arctos_front_2"
"Ursus arctos arctos";"Eurasian brown bear";"Ours brun Europe";"SnoutWid";"M";"11.7";"cm";"48";"photo";"Ursus_arctos_arctos_front_1"
"Ursus arctos arctos";"Eurasian brown bear";"Ours brun Europe";"SnoutWid";"M";"11.7";"cm";"49";"photo";"Ursus_arctos_arctos_front_2"
"Ursus arctos horribilis";"Grizzli bear";"Grizzli";"HeadBodyLen";"?";"200";"cm";"8";"scientific publication";"Schmidly, D.J. and Bradley, R.D. (2016). The Mammals of Texas, Seventh Edition. Courtesy of the University of Texas Press."
"Ursus arctos horribilis";"Grizzli bear";"Grizzli";"HeadBodyLen";"?";"200";"cm";"17";"website";"https://dinoanimals.com/animals/grizzly-ursus-arctos-horribilis/"
"Ursus arctos horribilis";"Grizzli bear";"Grizzli";"HeadBodyLen";"M";"228";"cm";"20";"scientific publication";"Shabel, A. (2010). Mammals of the Northern Hemisphere. Cavendish Square."
"Ursus arctos horribilis";"Grizzli bear";"Grizzli";"ShoulderHeight";"?";"100";"cm";"8";"scientific publication";"Schmidly, D.J. and Bradley, R.D. (2016). The Mammals of Texas, Seventh Edition. Courtesy of the University of Texas Press."
"Ursus arctos horribilis";"Grizzli bear";"Grizzli";"ShoulderHeight";"?";"102";"cm";"17";"website";"https://dinoanimals.com/animals/grizzly-ursus-arctos-horribilis/"
"Ursus arctos horribilis";"Grizzli bear";"Grizzli";"ShoulderHeight";"M";"137";"cm";"20";"scientific publication";"Shabel, A. (2010). Mammals of the Northern Hemisphere. Cavendish Square."
"Ursus arctos horribilis";"Grizzli bear";"Grizzli";"Weight";"?";"240";"kg";"8";"scientific publication";"Schmidly, D.J. and Bradley, R.D. (2016). The Mammals of Texas, Seventh Edition. Courtesy of the University of Texas Press."
"Ursus arctos horribilis";"Grizzli bear";"Grizzli";"Weight";"F";"165";"kg";"17";"website";"https://dinoanimals.com/animals/grizzly-ursus-arctos-horribilis/"
"Ursus arctos horribilis";"Grizzli bear";"Grizzli";"Weight";"M";"270";"kg";"17";"website";"https://dinoanimals.com/animals/grizzly-ursus-arctos-horribilis/"
"Ursus arctos horribilis";"Grizzli bear";"Grizzli";"Weight";"M";"270";"kg";"20";"scientific publication";"Shabel, A. (2010). Mammals of the Northern Hemisphere. Cavendish Square."
"Ursus arctos horribilis";"Grizzli bear";"Grizzli";"FurThick";"?";"7";"NA";"0";"personal observation";NA
"Ursus arctos horribilis";"Grizzli bear";"Grizzli";"ChestLen";"M";"56.1";"cm";"52";"photo";"Ursus_arctos_horribilis_front_1"
"Ursus arctos horribilis";"Grizzli bear";"Grizzli";"ChestLen";"M";"63.1";"cm";"53";"photo";"Ursus_arctos_horribilis_front_2"
"Ursus arctos horribilis";"Grizzli bear";"Grizzli";"HeadHei";"M";"35.9";"cm";"52";"photo";"Ursus_arctos_horribilis_front_1"
"Ursus arctos horribilis";"Grizzli bear";"Grizzli";"HeadHei";"M";"63.1";"cm";"53";"photo";"Ursus_arctos_horribilis_front_2"
"Ursus arctos horribilis";"Grizzli bear";"Grizzli";"HeadLat";"M";"45.4";"cm";"52";"photo";"Ursus_arctos_horribilis_front_1"
"Ursus arctos horribilis";"Grizzli bear";"Grizzli";"HeadLat";"M";"47";"cm";"53";"photo";"Ursus_arctos_horribilis_front_2"
"Ursus arctos horribilis";"Grizzli bear";"Grizzli";"EarLen";"M";"10";"cm";"52";"photo";"Ursus_arctos_horribilis_front_1"
"Ursus arctos horribilis";"Grizzli bear";"Grizzli";"EarLen";"M";"7.3";"cm";"53";"photo";"Ursus_arctos_horribilis_front_2"
"Ursus arctos horribilis";"Grizzli bear";"Grizzli";"EyeDia";"M";"2";"cm";"52";"photo";"Ursus_arctos_horribilis_front_1"
"Ursus arctos horribilis";"Grizzli bear";"Grizzli";"EyeDia";"M";"2.1";"cm";"53";"photo";"Ursus_arctos_horribilis_front_2"
"Ursus arctos horribilis";"Grizzli bear";"Grizzli";"TruffleWid";"M";"9.2";"cm";"52";"photo";"Ursus_arctos_horribilis_front_1"
"Ursus arctos horribilis";"Grizzli bear";"Grizzli";"TruffleWid";"M";"9.9";"cm";"53";"photo";"Ursus_arctos_horribilis_front_2"
"Ursus arctos horribilis";"Grizzli bear";"Grizzli";"TruffleHei";"M";"7.5";"cm";"52";"photo";"Ursus_arctos_horribilis_front_1"
"Ursus arctos horribilis";"Grizzli bear";"Grizzli";"TruffleHei";"M";"8.1";"cm";"53";"photo";"Ursus_arctos_horribilis_front_2"
"Ursus arctos horribilis";"Grizzli bear";"Grizzli";"ChestHigh";"M";"72.4";"cm";"54";"photo";"Ursus_arctos_horribilis_profile_1"
"Ursus arctos horribilis";"Grizzli bear";"Grizzli";"ChestHigh";"M";"77";"cm";"55";"photo";"Ursus_arctos_horribilis_profile_2"
"Ursus arctos horribilis";"Grizzli bear";"Grizzli";"FrontLeg";"M";"105.2";"cm";"54";"photo";"Ursus_arctos_horribilis_profile_1"
"Ursus arctos horribilis";"Grizzli bear";"Grizzli";"FrontLeg";"M";"102.7";"cm";"55";"photo";"Ursus_arctos_horribilis_profile_2"
"Ursus arctos horribilis";"Grizzli bear";"Grizzli";"HindLeg";"M";"97.6";"cm";"54";"photo";"Ursus_arctos_horribilis_profile_1"
"Ursus arctos horribilis";"Grizzli bear";"Grizzli";"HindLeg";"M";"90.9";"cm";"55";"photo";"Ursus_arctos_horribilis_profile_2"
"Ursus arctos horribilis";"Grizzli bear";"Grizzli";"HeadFron";"M";"45.6";"cm";"54";"photo";"Ursus_arctos_horribilis_profile_1"
"Ursus arctos horribilis";"Grizzli bear";"Grizzli";"HeadFron";"M";"42.7";"cm";"55";"photo";"Ursus_arctos_horribilis_profile_2"
"Ursus arctos horribilis";"Grizzli bear";"Grizzli";"SnoutLen";"M";"17.4";"cm";"54";"photo";"Ursus_arctos_horribilis_profile_1"
"Ursus arctos horribilis";"Grizzli bear";"Grizzli";"SnoutLen";"M";"19.2";"cm";"55";"photo";"Ursus_arctos_horribilis_profile_2"
"Ursus arctos horribilis";"Grizzli bear";"Grizzli";"SnoutHei";"M";"15.5";"cm";"52";"photo";"Ursus_arctos_horribilis_front_1"
"Ursus arctos horribilis";"Grizzli bear";"Grizzli";"SnoutHei";"M";"21.3";"cm";"53";"photo";"Ursus_arctos_horribilis_front_2"
"Ursus arctos horribilis";"Grizzli bear";"Grizzli";"SnoutWid";"M";"14.8";"cm";"52";"photo";"Ursus_arctos_horribilis_front_1"
"Ursus arctos horribilis";"Grizzli bear";"Grizzli";"SnoutWid";"M";"17.1";"cm";"53";"photo";"Ursus_arctos_horribilis_front_2"
"Ursus arctos isabellinus";"Himalayan brown bear";"Ours Isabelle";"HeadBodyLen";"M";"185";"cm";"9";"wikipedia";"https://en.wikipedia.org/wiki/Himalayan_brown_bear"
"Ursus arctos isabellinus";"Himalayan brown bear";"Ours Isabelle";"HeadBodyLen";"F";"160";"cm";"9";"wikipedia";"https://en.wikipedia.org/wiki/Himalayan_brown_bear"
"Ursus arctos isabellinus";"Himalayan brown bear";"Ours Isabelle";"HeadBodyLen";"?";"155";"cm";"25";"scientific publication";"Kumar Shrestha, Tej (1997). Mammals of Nepal: With Reference to Those of India, Bangladesh, Bhutan and Pakistan. Steven Simpson Natural History Books."
"Ursus arctos isabellinus";"Himalayan brown bear";"Ours Isabelle";"ShoulderHeight";"?";"85";"cm";"25";"scientific publication";"Kumar Shrestha, Tej (1997). Mammals of Nepal: With Reference to Those of India, Bangladesh, Bhutan and Pakistan. Steven Simpson Natural History Books."
"Ursus arctos isabellinus";"Himalayan brown bear";"Ours Isabelle";"Weight";"M";"135";"kg";"10";"website";"https://planetzoo.fandom.com/wiki/Himalayan_Brown_Bear"
"Ursus arctos isabellinus";"Himalayan brown bear";"Ours Isabelle";"Weight";"F";"70";"kg";"10";"website";"https://planetzoo.fandom.com/wiki/Himalayan_Brown_Bear"
"Ursus arctos isabellinus";"Himalayan brown bear";"Ours Isabelle";"Weight";"M";"136";"kg";"25";"scientific publication";"Kumar Shrestha, Tej (1997). Mammals of Nepal: With Reference to Those of India, Bangladesh, Bhutan and Pakistan. Steven Simpson Natural History Books."
"Ursus arctos isabellinus";"Himalayan brown bear";"Ours Isabelle";"Weight";"F";"64";"kg";"25";"scientific publication";"Kumar Shrestha, Tej (1997). Mammals of Nepal: With Reference to Those of India, Bangladesh, Bhutan and Pakistan. Steven Simpson Natural History Books."
"Ursus arctos isabellinus";"Himalayan brown bear";"Ours Isabelle";"FurThick";"?";"7";"NA";"0";"personal observation";NA
"Ursus arctos isabellinus";"Himalayan brown bear";"Ours Isabelle";"ChestLen";"M";"49.5";"cm";"56";"photo";"Ursus_arctos_isabellinus_front_1"
"Ursus arctos isabellinus";"Himalayan brown bear";"Ours Isabelle";"ChestLen";"M";"48.1";"cm";"57";"photo";"Ursus_arctos_isabellinus_front_2"
"Ursus arctos isabellinus";"Himalayan brown bear";"Ours Isabelle";"HeadHei";"M";"42.2";"cm";"56";"photo";"Ursus_arctos_isabellinus_front_1"
"Ursus arctos isabellinus";"Himalayan brown bear";"Ours Isabelle";"HeadHei";"M";"38.5";"cm";"57";"photo";"Ursus_arctos_isabellinus_front_2"
"Ursus arctos isabellinus";"Himalayan brown bear";"Ours Isabelle";"HeadLat";"M";"43.2";"cm";"56";"photo";"Ursus_arctos_isabellinus_front_1"
"Ursus arctos isabellinus";"Himalayan brown bear";"Ours Isabelle";"HeadLat";"M";"44.8";"cm";"57";"photo";"Ursus_arctos_isabellinus_front_2"
"Ursus arctos isabellinus";"Himalayan brown bear";"Ours Isabelle";"EarLen";"M";"11.7";"cm";"56";"photo";"Ursus_arctos_isabellinus_front_1"
"Ursus arctos isabellinus";"Himalayan brown bear";"Ours Isabelle";"EarLen";"M";"12.7";"cm";"57";"photo";"Ursus_arctos_isabellinus_front_2"
"Ursus arctos isabellinus";"Himalayan brown bear";"Ours Isabelle";"EyeDia";"M";"2.1";"cm";"56";"photo";"Ursus_arctos_isabellinus_front_1"
"Ursus arctos isabellinus";"Himalayan brown bear";"Ours Isabelle";"EyeDia";"M";"2.5";"cm";"57";"photo";"Ursus_arctos_isabellinus_front_2"
"Ursus arctos isabellinus";"Himalayan brown bear";"Ours Isabelle";"TruffleWid";"M";"7.6";"cm";"56";"photo";"Ursus_arctos_isabellinus_front_1"
"Ursus arctos isabellinus";"Himalayan brown bear";"Ours Isabelle";"TruffleWid";"M";"8.7";"cm";"57";"photo";"Ursus_arctos_isabellinus_front_2"
"Ursus arctos isabellinus";"Himalayan brown bear";"Ours Isabelle";"TruffleHei";"M";"6.7";"cm";"56";"photo";"Ursus_arctos_isabellinus_front_1"
"Ursus arctos isabellinus";"Himalayan brown bear";"Ours Isabelle";"TruffleHei";"M";"8.5";"cm";"57";"photo";"Ursus_arctos_isabellinus_front_2"
"Ursus arctos isabellinus";"Himalayan brown bear";"Ours Isabelle";"ChestHigh";"M";"67.5";"cm";"58";"photo";"Ursus_arctos_isabellinus_profile_1"
"Ursus arctos isabellinus";"Himalayan brown bear";"Ours Isabelle";"ChestHigh";"M";"56.9";"cm";"59";"photo";"Ursus_arctos_isabellinus_profile_2"
"Ursus arctos isabellinus";"Himalayan brown bear";"Ours Isabelle";"FrontLeg";"M";"97.5";"cm";"58";"photo";"Ursus_arctos_isabellinus_profile_1"
"Ursus arctos isabellinus";"Himalayan brown bear";"Ours Isabelle";"FrontLeg";"M";"89.8";"cm";"59";"photo";"Ursus_arctos_isabellinus_profile_2"
"Ursus arctos isabellinus";"Himalayan brown bear";"Ours Isabelle";"HindLeg";"M";"73.1";"cm";"58";"photo";"Ursus_arctos_isabellinus_profile_1"
"Ursus arctos isabellinus";"Himalayan brown bear";"Ours Isabelle";"HindLeg";"M";"78.6";"cm";"59";"photo";"Ursus_arctos_isabellinus_profile_2"
"Ursus arctos isabellinus";"Himalayan brown bear";"Ours Isabelle";"HeadFron";"M";"43.1";"cm";"58";"photo";"Ursus_arctos_isabellinus_profile_1"
"Ursus arctos isabellinus";"Himalayan brown bear";"Ours Isabelle";"HeadFron";"M";"38.3";"cm";"59";"photo";"Ursus_arctos_isabellinus_profile_2"
"Ursus arctos isabellinus";"Himalayan brown bear";"Ours Isabelle";"SnoutLen";"M";"18.9";"cm";"58";"photo";"Ursus_arctos_isabellinus_profile_1"
"Ursus arctos isabellinus";"Himalayan brown bear";"Ours Isabelle";"SnoutLen";"M";"16.9";"cm";"59";"photo";"Ursus_arctos_isabellinus_profile_2"
"Ursus arctos isabellinus";"Himalayan brown bear";"Ours Isabelle";"SnoutHei";"M";"15.2";"cm";"56";"photo";"Ursus_arctos_isabellinus_front_1"
"Ursus arctos isabellinus";"Himalayan brown bear";"Ours Isabelle";"SnoutHei";"M";"19.6";"cm";"57";"photo";"Ursus_arctos_isabellinus_front_2"
"Ursus arctos isabellinus";"Himalayan brown bear";"Ours Isabelle";"SnoutWid";"M";"13.4";"cm";"56";"photo";"Ursus_arctos_isabellinus_front_1"
"Ursus arctos isabellinus";"Himalayan brown bear";"Ours Isabelle";"SnoutWid";"M";"16.2";"cm";"57";"photo";"Ursus_arctos_isabellinus_front_2"
"Ursus arctos middendorffi";"Kodiak bear";"Ours kodiak";"HeadBodyLen";"?";"244";"cm";"11";"wikipedia";"https://en.wikipedia.org/wiki/Kodiak_bear"
"Ursus arctos middendorffi";"Kodiak bear";"Ours kodiak";"HeadBodyLen";"?";"300";"cm";"16";"website";"https://www.adfg.alaska.gov/index.cfm?adfg=brownbear.trivia"
"Ursus arctos middendorffi";"Kodiak bear";"Ours kodiak";"ShoulderHeight";"?";"133";"cm";"11";"wikipedia";"https://en.wikipedia.org/wiki/Kodiak_bear"
"Ursus arctos middendorffi";"Kodiak bear";"Ours kodiak";"ShoulderHeight";"?";"152";"cm";"16";"website";"https://www.adfg.alaska.gov/index.cfm?adfg=brownbear.trivia"
"Ursus arctos middendorffi";"Kodiak bear";"Ours kodiak";"Weight";"F";"250";"kg";"11";"wikipedia";"https://en.wikipedia.org/wiki/Kodiak_bear"
"Ursus arctos middendorffi";"Kodiak bear";"Ours kodiak";"Weight";"M";"450";"kg";"11";"wikipedia";"https://en.wikipedia.org/wiki/Kodiak_bear"
"Ursus arctos middendorffi";"Kodiak bear";"Ours kodiak";"Weight";"?";"407";"kg";"68";"website";"https://www.zooportraits.com/kodiak-bear-ursus-arctos-middendorffi/"
"Ursus arctos middendorffi";"Kodiak bear";"Ours kodiak";"FurThick";"?";"7";"NA";"0";"personal observation";NA
"Ursus arctos middendorffi";"Kodiak bear";"Ours kodiak";"ChestLen";"M";"92.1";"cm";"60";"photo";"Ursus_arctos_middendorffi_front_1"
"Ursus arctos middendorffi";"Kodiak bear";"Ours kodiak";"ChestLen";"M";"86.4";"cm";"61";"photo";"Ursus_arctos_middendorffi_front_2"
"Ursus arctos middendorffi";"Kodiak bear";"Ours kodiak";"HeadHei";"M";"57.2";"cm";"60";"photo";"Ursus_arctos_middendorffi_front_1"
"Ursus arctos middendorffi";"Kodiak bear";"Ours kodiak";"HeadHei";"M";"61.7";"cm";"61";"photo";"Ursus_arctos_middendorffi_front_2"
"Ursus arctos middendorffi";"Kodiak bear";"Ours kodiak";"HeadLat";"M";"62.6";"cm";"60";"photo";"Ursus_arctos_middendorffi_front_1"
"Ursus arctos middendorffi";"Kodiak bear";"Ours kodiak";"HeadLat";"M";"67.8";"cm";"61";"photo";"Ursus_arctos_middendorffi_front_2"
"Ursus arctos middendorffi";"Kodiak bear";"Ours kodiak";"EarLen";"M";"15.2";"cm";"60";"photo";"Ursus_arctos_middendorffi_front_1"
"Ursus arctos middendorffi";"Kodiak bear";"Ours kodiak";"EarLen";"M";"13.2";"cm";"61";"photo";"Ursus_arctos_middendorffi_front_2"
"Ursus arctos middendorffi";"Kodiak bear";"Ours kodiak";"EyeDia";"M";"3.9";"cm";"60";"photo";"Ursus_arctos_middendorffi_front_1"
"Ursus arctos middendorffi";"Kodiak bear";"Ours kodiak";"EyeDia";"M";"4.6";"cm";"61";"photo";"Ursus_arctos_middendorffi_front_2"
"Ursus arctos middendorffi";"Kodiak bear";"Ours kodiak";"TruffleWid";"M";"12.1";"cm";"60";"photo";"Ursus_arctos_middendorffi_front_1"
"Ursus arctos middendorffi";"Kodiak bear";"Ours kodiak";"TruffleWid";"M";"15.8";"cm";"61";"photo";"Ursus_arctos_middendorffi_front_2"
"Ursus arctos middendorffi";"Kodiak bear";"Ours kodiak";"TruffleHei";"M";"11.4";"cm";"60";"photo";"Ursus_arctos_middendorffi_front_1"
"Ursus arctos middendorffi";"Kodiak bear";"Ours kodiak";"TruffleHei";"M";"10.9";"cm";"61";"photo";"Ursus_arctos_middendorffi_front_2"
"Ursus arctos middendorffi";"Kodiak bear";"Ours kodiak";"ChestHigh";"M";"89.8";"cm";"62";"photo";"Ursus_arctos_middendorffi_profile_1"
"Ursus arctos middendorffi";"Kodiak bear";"Ours kodiak";"ChestHigh";"M";"109.1";"cm";"63";"photo";"Ursus_arctos_middendorffi_profile_2"
"Ursus arctos middendorffi";"Kodiak bear";"Ours kodiak";"FrontLeg";"M";"131.7";"cm";"62";"photo";"Ursus_arctos_middendorffi_profile_1"
"Ursus arctos middendorffi";"Kodiak bear";"Ours kodiak";"FrontLeg";"M";"166.7";"cm";"63";"photo";"Ursus_arctos_middendorffi_profile_2"
"Ursus arctos middendorffi";"Kodiak bear";"Ours kodiak";"HindLeg";"M";"125.1";"cm";"62";"photo";"Ursus_arctos_middendorffi_profile_1"
"Ursus arctos middendorffi";"Kodiak bear";"Ours kodiak";"HindLeg";"M";"120.8";"cm";"63";"photo";"Ursus_arctos_middendorffi_profile_2"
"Ursus arctos middendorffi";"Kodiak bear";"Ours kodiak";"HeadFron";"M";"60.8";"cm";"62";"photo";"Ursus_arctos_middendorffi_profile_1"
"Ursus arctos middendorffi";"Kodiak bear";"Ours kodiak";"HeadFron";"M";"75.9";"cm";"63";"photo";"Ursus_arctos_middendorffi_profile_2"
"Ursus arctos middendorffi";"Kodiak bear";"Ours kodiak";"SnoutLen";"M";"28.3";"cm";"62";"photo";"Ursus_arctos_middendorffi_profile_1"
"Ursus arctos middendorffi";"Kodiak bear";"Ours kodiak";"SnoutLen";"M";"32.6";"cm";"63";"photo";"Ursus_arctos_middendorffi_profile_2"
"Ursus arctos middendorffi";"Kodiak bear";"Ours kodiak";"SnoutHei";"M";"26.4";"cm";"60";"photo";"Ursus_arctos_middendorffi_front_1"
"Ursus arctos middendorffi";"Kodiak bear";"Ours kodiak";"SnoutHei";"M";"31.2";"cm";"61";"photo";"Ursus_arctos_middendorffi_front_2"
"Ursus arctos middendorffi";"Kodiak bear";"Ours kodiak";"SnoutWid";"M";"21.1";"cm";"60";"photo";"Ursus_arctos_middendorffi_front_1"
"Ursus arctos middendorffi";"Kodiak bear";"Ours kodiak";"SnoutWid";"M";"22.3";"cm";"61";"photo";"Ursus_arctos_middendorffi_front_2"
"Ursus thibetanus";"Asian black bear";"Ours a collier";"HeadBodyLen";"?";"160";"cm";"3";"wikipedia";"https://en.wikipedia.org/wiki/Bear"
"Ursus thibetanus";"Asian black bear";"Ours a collier";"HeadBodyLen";"?";"150";"cm";"4";"scientific publication";"Kate E. Jones, Jon Bielby, Marcel Cardillo, Susanne A. Fritz, Justin O'Dell, C.  David L. Orme, Kamran Safi, Wes Sechrest, Elizabeth H. Boakes, Chris  Carbone, Christina Connolly, Michael J. Cutts, Janine K. Foster, Richard Grenyer, Michael Habib, Christopher A. Plaster, Samantha A. Price,  Elizabeth A. Rigby, Janna Rist, Amber Teacher, Olaf R. P.  Bininda-Emonds, John L. Gittleman, Georgina M. Mace, and Andy Purvis.  2009. PanTHERIA: a species-level database of life history, ecology, and  geography of extant and recently extinct mammals. Ecology 90:2648."
"Ursus thibetanus";"Asian black bear";"Ours a collier";"HeadBodyLen";"?";"160";"cm";"5";"scientific publication";"Huber D., van Manen F.T. (2019) Bear Morphology. In: Vonk J., Shackelford T. (eds) Encyclopedia of Animal Cognition and Behavior. Springer, Cham"
"Ursus thibetanus";"Asian black bear";"Ours a collier";"ShoulderHeight";"?";"85";"cm";"5";"scientific publication";"Huber D., van Manen F.T. (2019) Bear Morphology. In: Vonk J., Shackelford T. (eds) Encyclopedia of Animal Cognition and Behavior. Springer, Cham"
"Ursus thibetanus";"Asian black bear";"Ours a collier";"Weight";"M";"150";"kg";"3";"wikipedia";"https://en.wikipedia.org/wiki/Bear"
"Ursus thibetanus";"Asian black bear";"Ours a collier";"Weight";"F";"75";"kg";"3";"wikipedia";"https://en.wikipedia.org/wiki/Bear"
"Ursus thibetanus";"Asian black bear";"Ours a collier";"Weight";"?";"100";"kg";"4";"scientific publication";"Kate E. Jones, Jon Bielby, Marcel Cardillo, Susanne A. Fritz, Justin O'Dell, C.  David L. Orme, Kamran Safi, Wes Sechrest, Elizabeth H. Boakes, Chris  Carbone, Christina Connolly, Michael J. Cutts, Janine K. Foster, Richard Grenyer, Michael Habib, Christopher A. Plaster, Samantha A. Price,  Elizabeth A. Rigby, Janna Rist, Amber Teacher, Olaf R. P.  Bininda-Emonds, John L. Gittleman, Georgina M. Mace, and Andy Purvis.  2009. PanTHERIA: a species-level database of life history, ecology, and  geography of extant and recently extinct mammals. Ecology 90:2648."
"Ursus thibetanus";"Asian black bear";"Ours a collier";"Weight";"F";"87";"kg";"5";"scientific publication";"Huber D., van Manen F.T. (2019) Bear Morphology. In: Vonk J., Shackelford T. (eds) Encyclopedia of Animal Cognition and Behavior. Springer, Cham"
"Ursus thibetanus";"Asian black bear";"Ours a collier";"Weight";"M";"130";"kg";"5";"scientific publication";"Huber D., van Manen F.T. (2019) Bear Morphology. In: Vonk J., Shackelford T. (eds) Encyclopedia of Animal Cognition and Behavior. Springer, Cham"
"Ursus thibetanus";"Asian black bear";"Ours a collier";"FurThick";"?";"5";"NA";"0";"personal observation";NA
"Ursus thibetanus";"Asian black bear";"Ours a collier";"ChestLen";"M";"43.2";"cm";"64";"photo";"Ursus_thibetanus_front_1"
"Ursus thibetanus";"Asian black bear";"Ours a collier";"ChestLen";"M";"38.4";"cm";"64";"photo";"Ursus_thibetanus_front_1"
"Ursus thibetanus";"Asian black bear";"Ours a collier";"HeadHei";"M";"36.8";"cm";"64";"photo";"Ursus_thibetanus_front_1"
"Ursus thibetanus";"Asian black bear";"Ours a collier";"HeadHei";"M";"31.8";"cm";"64";"photo";"Ursus_thibetanus_front_1"
"Ursus thibetanus";"Asian black bear";"Ours a collier";"HeadLat";"M";"41";"cm";"64";"photo";"Ursus_thibetanus_front_1"
"Ursus thibetanus";"Asian black bear";"Ours a collier";"HeadLat";"M";"37.8";"cm";"64";"photo";"Ursus_thibetanus_front_1"
"Ursus thibetanus";"Asian black bear";"Ours a collier";"EarLen";"M";"11.2";"cm";"64";"photo";"Ursus_thibetanus_front_1"
"Ursus thibetanus";"Asian black bear";"Ours a collier";"EarLen";"M";"8.8";"cm";"64";"photo";"Ursus_thibetanus_front_1"
"Ursus thibetanus";"Asian black bear";"Ours a collier";"EyeDia";"M";"1.7";"cm";"64";"photo";"Ursus_thibetanus_front_1"
"Ursus thibetanus";"Asian black bear";"Ours a collier";"EyeDia";"M";"1.8";"cm";"64";"photo";"Ursus_thibetanus_front_1"
"Ursus thibetanus";"Asian black bear";"Ours a collier";"TruffleWid";"M";"7.9";"cm";"64";"photo";"Ursus_thibetanus_front_1"
"Ursus thibetanus";"Asian black bear";"Ours a collier";"TruffleWid";"M";"6.4";"cm";"64";"photo";"Ursus_thibetanus_front_1"
"Ursus thibetanus";"Asian black bear";"Ours a collier";"TruffleHei";"M";"5.5";"cm";"64";"photo";"Ursus_thibetanus_front_1"
"Ursus thibetanus";"Asian black bear";"Ours a collier";"TruffleHei";"M";"4.5";"cm";"64";"photo";"Ursus_thibetanus_front_1"
"Ursus thibetanus";"Asian black bear";"Ours a collier";"ChestHigh";"M";"42.2";"cm";"65";"photo";"Ursus_thibetanus_front_2"
"Ursus thibetanus";"Asian black bear";"Ours a collier";"ChestHigh";"M";"57.7";"cm";"66";"photo";"Ursus_thibetanus_profile_1"
"Ursus thibetanus";"Asian black bear";"Ours a collier";"FrontLeg";"M";"66.1";"cm";"65";"photo";"Ursus_thibetanus_front_2"
"Ursus thibetanus";"Asian black bear";"Ours a collier";"FrontLeg";"M";"87.4";"cm";"66";"photo";"Ursus_thibetanus_profile_1"
"Ursus thibetanus";"Asian black bear";"Ours a collier";"HindLeg";"M";"55.8";"cm";"65";"photo";"Ursus_thibetanus_front_2"
"Ursus thibetanus";"Asian black bear";"Ours a collier";"HindLeg";"M";"75.8";"cm";"66";"photo";"Ursus_thibetanus_profile_1"
"Ursus thibetanus";"Asian black bear";"Ours a collier";"HeadFron";"M";"28.6";"cm";"65";"photo";"Ursus_thibetanus_front_2"
"Ursus thibetanus";"Asian black bear";"Ours a collier";"HeadFron";"M";"43.5";"cm";"66";"photo";"Ursus_thibetanus_profile_1"
"Ursus thibetanus";"Asian black bear";"Ours a collier";"SnoutLen";"M";"12.1";"cm";"65";"photo";"Ursus_thibetanus_front_2"
"Ursus thibetanus";"Asian black bear";"Ours a collier";"SnoutLen";"M";"17.6";"cm";"66";"photo";"Ursus_thibetanus_profile_1"
"Ursus thibetanus";"Asian black bear";"Ours a collier";"SnoutHei";"M";"16.5";"cm";"64";"photo";"Ursus_thibetanus_front_1"
"Ursus thibetanus";"Asian black bear";"Ours a collier";"SnoutHei";"M";"12.2";"cm";"65";"photo";"Ursus_thibetanus_front_2"
"Ursus thibetanus";"Asian black bear";"Ours a collier";"SnoutWid";"M";"11.9";"cm";"64";"photo";"Ursus_thibetanus_front_1"
"Ursus thibetanus";"Asian black bear";"Ours a collier";"SnoutWid";"M";"10.1";"cm";"65";"photo";"Ursus_thibetanus_front_2"
